id,icon,user,url,category,description,created,isVisible
1,../assets/images/users/anonymus.webp,anonymous,../assets/images/posts/0.webp,Meme,"Lorem, ipsum dolor sit amet consectetur adipisicing elit. Dicta porro sunt quam ut reprehenderit ex incidunt cum suscipit, non, sit, natus pariatur et laborum.",1h,true
2,../assets/images/users/anonymus.webp,anonymous,../assets/images/posts/1.webp,Meme,"Lorem, ipsum dolor sit amet consectetur adipisicing elit. Dicta porro sunt quam ut reprehenderit ex incidunt cum suscipit, non, sit, natus pariatur et laborum.",2h,true
3,../assets/images/users/anonymus.webp,anonymous,,Info,"Signal VS Whatsapp? Since Signal is an independent and non-profit organisation, it is also unlikely that it will ever change its privacy policy, which cannot be said for WhatsApp, which falls under the Meta umbrella.",3h,true
4,../assets/images/users/anonymus.webp,anonymous,../assets/images/posts/3.webp,Meme,"Lorem, ipsum dolor sit amet consectetur adipisicing elit. Dicta porro sunt quam ut reprehenderit ex incidunt cum suscipit, non, sit, natus pariatur et laborum.",4h,true
5,../assets/images/users/anonymus.webp,anonymous,../assets/images/posts/4.webp,Meme,"Lorem, ipsum dolor sit amet consectetur adipisicing elit. Dicta porro sunt quam ut reprehenderit ex incidunt cum suscipit, non, sit, natus pariatur et laborum.",5h,true
6,../assets/images/users/anonymus.webp,anonymous,../assets/images/posts/5.webp,Meme,"Lorem, ipsum dolor sit amet consectetur adipisicing elit. Dicta porro sunt quam ut reprehenderit ex incidunt cum suscipit, non, sit, natus pariatur et laborum.",6h,true
7,../assets/images/users/anonymus.webp,anonymous,../assets/images/posts/6.webp,Meme,"Lorem, ipsum dolor sit amet consectetur adipisicing elit. Dicta porro sunt quam ut reprehenderit ex incidunt cum suscipit, non, sit, natus pariatur et laborum.",7h,true
8,../assets/images/users/anonymus.webp,anonymous,../assets/images/posts/7.webp,Meme,"Lorem, ipsum dolor sit amet consectetur adipisicing elit. Dicta porro sunt quam ut reprehenderit ex incidunt cum suscipit, non, sit, natus pariatur et laborum.",8h,true
9,../assets/images/users/anonymus.webp,anonymous,../assets/images/posts/8.webp,Meme,"Lorem, ipsum dolor sit amet consectetur adipisicing elit. Dicta porro sunt quam ut reprehenderit ex incidunt cum suscipit, non, sit, natus pariatur et laborum.",9h,true
10,../assets/images/users/anonymus.webp,anonymous,../assets/images/posts/9.webp,Meme,"Lorem, ipsum dolor sit amet consectetur adipisicing elit. Dicta porro sunt quam ut reprehenderit ex incidunt cum suscipit, non, sit, natus pariatur et laborum.",10h,true
11,../assets/images/users/anonymus.webp,anonymous,../assets/images/posts/10.webp,Meme,"Lorem, ipsum dolor sit amet consectetur adipisicing elit. Dicta porro sunt quam ut reprehenderit ex incidunt cum suscipit, non, sit, natus pariatur et laborum.",11h,true
12,../assets/images/users/anonymus.webp,anonymous,../assets/images/posts/11.webp,Meme,"Lorem, ipsum dolor sit amet consectetur adipisicing elit. Dicta porro sunt quam ut reprehenderit ex incidunt cum suscipit, non, sit, natus pariatur et laborum.",12h,true
13,../assets/images/users/anonymus.webp,anonymous,../assets/images/posts/12.webp,Meme,"Lorem, ipsum dolor sit amet consectetur adipisicing elit. Dicta porro sunt quam ut reprehenderit ex incidunt cum suscipit, non, sit, natus pariatur et laborum.",13h,true
14,../assets/images/users/anonymus.webp,anonymous,../assets/images/posts/13.webp,Meme,"Lorem, ipsum dolor sit amet consectetur adipisicing elit. Dicta porro sunt quam ut reprehenderit ex incidunt cum suscipit, non, sit, natus pariatur et laborum.",14h,true
15,../assets/images/users/anonymus.webp,anonymous,../assets/images/posts/14.webp,Meme,"Lorem, ipsum dolor sit amet consectetur adipisicing elit. Dicta porro sunt quam ut reprehenderit ex incidunt cum suscipit, non, sit, natus pariatur et laborum.",15h,true
16,../assets/images/users/anonymus.webp,anonymous,../assets/images/posts/15.webp,Meme,"Lorem, ipsum dolor sit amet consectetur adipisicing elit. Dicta porro sunt quam ut reprehenderit ex incidunt cum suscipit, non, sit, natus pariatur et laborum.",16h,true
17,../assets/images/users/anonymus.webp,anonymous,../assets/images/posts/16.webp,Meme,"Lorem, ipsum dolor sit amet consectetur adipisicing elit. Dicta porro sunt quam ut reprehenderit ex incidunt cum suscipit, non, sit, natus pariatur et laborum.",17h,true
18,../assets/images/users/anonymus.webp,anonymous,../assets/images/posts/17.webp,Meme,"Lorem, ipsum dolor sit amet consectetur adipisicing elit. Dicta porro sunt quam ut reprehenderit ex incidunt cum suscipit, non, sit, natus pariatur et laborum.",18h,true
19,../assets/images/users/anonymus.webp,anonymous,../assets/images/posts/18.webp,Meme,"Lorem, ipsum dolor sit amet consectetur adipisicing elit. Dicta porro sunt quam ut reprehenderit ex incidunt cum suscipit, non, sit, natus pariatur et laborum.",19h,true
20,../assets/images/users/anonymus.webp,anonymous,../assets/images/posts/19.webp,Meme,"Lorem, ipsum dolor sit amet consectetur adipisicing elit. Dicta porro sunt quam ut reprehenderit ex incidunt cum suscipit, non, sit, natus pariatur et laborum.",20h,true
21,../assets/images/users/anonymus.webp,anonymous,../assets/images/posts/20.webp,Meme,"Lorem, ipsum dolor sit amet consectetur adipisicing elit. Dicta porro sunt quam ut reprehenderit ex incidunt cum suscipit, non, sit, natus pariatur et laborum.",21h,true
22,../assets/images/users/anonymus.webp,anonymous,../assets/images/posts/21.webp,Meme,"Lorem, ipsum dolor sit amet consectetur adipisicing elit. Dicta porro sunt quam ut reprehenderit ex incidunt cum suscipit, non, sit, natus pariatur et laborum.",22h,true
23,../assets/images/users/anonymus.webp,anonymous,../assets/images/posts/22.webp,Meme,"Lorem, ipsum dolor sit amet consectetur adipisicing elit. Dicta porro sunt quam ut reprehenderit ex incidunt cum suscipit, non, sit, natus pariatur et laborum.",23h,true
24,../assets/images/users/anonymus.webp,anonymous,../assets/images/posts/23.webp,Meme,"Lorem, ipsum dolor sit amet consectetur adipisicing elit. Dicta porro sunt quam ut reprehenderit ex incidunt cum suscipit, non, sit, natus pariatur et laborum.",1d,true
25,../assets/images/users/anonymus.webp,anonymous,../assets/images/posts/24.webp,Meme,"Lorem, ipsum dolor sit amet consectetur adipisicing elit. Dicta porro sunt quam ut reprehenderit ex incidunt cum suscipit, non, sit, natus pariatur et laborum.",1w,true
26,../assets/images/users/anonymus.webp,anonymous,../assets/images/posts/25.webp,Meme,"Lorem, ipsum dolor sit amet consectetur adipisicing elit. Dicta porro sunt quam ut reprehenderit ex incidunt cum suscipit, non, sit, natus pariatur et laborum.",1m,true
27,../assets/images/users/anonymus.webp,anonymous,../assets/images/posts/26.webp,Meme,"Lorem, ipsum dolor sit amet consectetur adipisicing elit. Dicta porro sunt quam ut reprehenderit ex incidunt cum suscipit, non, sit, natus pariatur et laborum.",1y,true

